article_id,product_code,prod_name,product_type_no,product_type_name,product_group_name,graphical_appearance_no,graphical_appearance_name,colour_group_code,colour_group_name,perceived_colour_value_id,perceived_colour_value_name,perceived_colour_master_id,perceived_colour_master_name,department_no,department_name,index_code,index_name,index_group_no,index_group_name,section_no,section_name,garment_group_no,garment_group_name,detail_desc
309864002,309864,Skinny Cheapo 89,272,Trousers,Garment Lower body,1010016,Solid,9,Black,4,Dark,5,Black,8956,Young Boy Denim,I,Children Sizes 134-170,4,Baby/Children,47,Young Boy,1016,Trousers Denim,"Slim-fit jeans in washed stretch denim with an adjustable elasticated waist (in sizes 8-12Y), zip fly and button, front and back pockets, and narrow hems."
397068015,397068,Skinny L.W Bargain (1),272,Trousers,Garment Lower body,1010023,Denim,9,Black,4,Dark,5,Black,5672,Denim trousers,F,Menswear,3,Menswear,56,Denim Men,1016,Trousers Denim,5-pocket low-rise jeans in washed stretch denim with a button fly and skinny legs.
399087001,399087,Super Skinny L.W Epic,272,Trousers,Garment Lower body,1010016,Solid,9,Black,4,Dark,5,Black,1772,Denim Trousers,D,Divided,2,Divided,57,Ladies Denim,1016,Trousers Denim,"5-pocket, low-rise jeans in washed, superstretch denim with a zip fly and button, and super-skinny legs."
399087014,399087,S.Skinny L.W Epic,272,Trousers,Garment Lower body,1010023,Denim,72,Blue,3,Light,2,Blue,1772,Denim Trousers,D,Divided,2,Divided,57,Ladies Denim,1016,Trousers Denim,"5-pocket, low-rise jeans in washed, superstretch denim with a zip fly and button, and super-skinny legs."
399087015,399087,S.Skinny L.W Epic,272,Trousers,Garment Lower body,1010023,Denim,73,Dark Blue,2,Medium Dusty,2,Blue,1772,Denim Trousers,D,Divided,2,Divided,57,Ladies Denim,1016,Trousers Denim,"5-pocket, low-rise jeans in washed, superstretch denim with a zip fly and button, and super-skinny legs."
399136009,399136,Shaping Skinny R.W.,272,Trousers,Garment Lower body,1010016,Solid,9,Black,4,Dark,5,Black,1772,Denim Trousers,D,Divided,2,Divided,57,Ladies Denim,1016,Trousers Denim,"Shaping. 5-pocket jeans in washed denim with technical stretch that holds in and shapes the tummy, thighs and seat while keeping the jeans in shape. Regular waist and skinny legs."
399136011,399136,Shaping Skinny R.W,272,Trousers,Garment Lower body,1010016,Solid,93,Dark Green,4,Dark,20,Khaki green,1772,Denim Trousers,D,Divided,2,Divided,57,Ladies Denim,1016,Trousers Denim,"Shaping. 5-pocket jeans in washed denim with technical stretch that holds in and shapes the tummy, thighs and seat while keeping the jeans in shape. Regular waist and skinny legs."
399201022,399201,Shaping Skinny H.W,272,Trousers,Garment Lower body,1010023,Denim,73,Dark Blue,2,Medium Dusty,2,Blue,1772,Denim Trousers,D,Divided,2,Divided,57,Ladies Denim,1016,Trousers Denim,"5-pocket jeans in washed, stretch denim with a high waist, zip fly and button and skinny legs. Shaping – denim with a stretch function that holds in and shapes the waist, thighs and bum while keeping the jeans in shape."
399201023,399201,Shaping Skinny H.W,272,Trousers,Garment Lower body,1010023,Denim,73,Dark Blue,2,Medium Dusty,2,Blue,1772,Denim Trousers,D,Divided,2,Divided,57,Ladies Denim,1016,Trousers Denim,"5-pocket jeans in washed, stretch denim with a high waist, zip fly and button and skinny legs. Shaping – denim with a stretch function that holds in and shapes the waist, thighs and bum while keeping the jeans in shape."
399223004,399223,Jeggings H.W,272,Trousers,Garment Lower body,1010016,Solid,19,Greenish Khaki,4,Dark,20,Khaki green,1772,Denim Trousers,D,Divided,2,Divided,57,Ladies Denim,1016,Trousers Denim,"Jeggings in washed, superstretch denim with a high waist, fake front pockets, real back pockets and skinny legs."
399223028,399223,Jeggings H.W,272,Trousers,Garment Lower body,1010023,Denim,43,Dark Red,4,Dark,18,Red,1772,Denim Trousers,D,Divided,2,Divided,57,Ladies Denim,1016,Trousers Denim,"Jeggings in washed, superstretch denim with a high waist, fake front pockets, real back pockets and skinny legs."
399256002,399256,Skinny Ankle R.W Brooklyn,272,Trousers,Garment Lower body,1010023,Denim,73,Dark Blue,2,Medium Dusty,2,Blue,1779,Everyday Waredrobe Denim,A,Ladieswear,1,Ladieswear,57,Ladies Denim,1016,Trousers Denim,"Ankle-length jeans in washed stretch denim with a regular waist, fake front pockets, real back pockets and skinny legs."
399256018,399256,Skinny Ankle R.W Brooklyn,272,Trousers,Garment Lower body,1010023,Denim,72,Blue,2,Medium Dusty,2,Blue,1722,Trouser,A,Ladieswear,1,Ladieswear,15,Womens Everyday Collection,1009,Trousers,"Ankle-length jeans in washed stretch denim with a regular waist, fake front pockets, real back pockets and skinny legs."
399256023,399256,Skinny Ankle R.W Brooklyn,272,Trousers,Garment Lower body,1010023,Denim,71,Light Blue,1,Dusty Light,2,Blue,1779,Everyday Waredrobe Denim,A,Ladieswear,1,Ladieswear,57,Ladies Denim,1016,Trousers Denim,"Ankle-length jeans in washed stretch denim with a regular waist, fake front pockets, real back pockets and skinny legs."
399256032,399256,Skinny Ankle R.W Brooklyn,272,Trousers,Garment Lower body,1010023,Denim,73,Dark Blue,4,Dark,2,Blue,1722,Trouser,A,Ladieswear,1,Ladieswear,15,Womens Everyday Collection,1009,Trousers,"Ankle-length jeans in washed stretch denim with a regular waist, fake front pockets, real back pockets and skinny legs."
400342003,400342,Slim 5pkt Midprice,272,Trousers,Garment Lower body,1010016,Solid,9,Black,4,Dark,5,Black,5672,Denim trousers,F,Menswear,3,Menswear,56,Denim Men,1016,Trousers Denim,"5-pocket, low-rise jeans in washed stretch denim with slim legs. The jeans are made partly from recycled cotton."
441386001,441386,Jonte Skinny Jogger 24.99:-,272,Trousers,Garment Lower body,1010016,Solid,9,Black,4,Dark,5,Black,5882,Jersey Fancy,F,Menswear,3,Menswear,55,Contemporary Street,1005,Jersey Fancy,"Joggers in sweatshirt fabric with an elasticated drawstring waist, zipped side pockets, a low crotch and tapered legs with seams at the knees and ribbed hems."
518329007,518329,Space Treggings,272,Trousers,Garment Lower body,1010016,Solid,9,Black,4,Dark,5,Black,1722,Trouser,A,Ladieswear,1,Ladieswear,15,Womens Everyday Collection,1009,Trousers,"Treggings in superstretch twill with an elasticated waist, fake pockets at the front and real pockets at the back."
524825011,524825,Latte slacks (1),272,Trousers,Garment Lower body,1010016,Solid,9,Black,4,Dark,5,Black,1722,Trouser,A,Ladieswear,1,Ladieswear,15,Womens Everyday Collection,1009,Trousers,"Trousers in a stretch weave with a fly with a hook-and-eye fastener, a regular waist, side pockets and tapered legs."
529953001,529953,Peggy Trouser,272,Trousers,Garment Lower body,1010016,Solid,9,Black,4,Dark,5,Black,1747,Trousers,D,Divided,2,Divided,53,Divided Collection,1009,Trousers,Treggings with a high waist and concealed elastication.
534357002,534357,Boyfriend L.W FEL,272,Trousers,Garment Lower body,1010023,Denim,71,Light Blue,1,Dusty Light,2,Blue,1772,Denim Trousers,D,Divided,2,Divided,57,Ladies Denim,1016,Trousers Denim,"5-pocket low-rise jeans in washed denim with hard-worn details, a button fly and slightly wider, tapered legs."
534357015,534357,Boyfriend L.W FEL,272,Trousers,Garment Lower body,1010023,Denim,71,Light Blue,1,Dusty Light,2,Blue,1772,Denim Trousers,D,Divided,2,Divided,57,Ladies Denim,1016,Trousers Denim,"5-pocket low-rise jeans in washed denim with hard-worn details, a button fly and slightly wider, tapered legs."
539723005,539723,Jade Denim TRS,272,Trousers,Garment Lower body,1010016,Solid,71,Light Blue,3,Light,2,Blue,1747,Trousers,D,Divided,2,Divided,53,Divided Collection,1009,Trousers,"High-waisted jeans in washed superstretch denim with a zip fly and button, fake front pockets, real back pockets and super-skinny legs."
539723038,539723,Jade Denim TRS,272,Trousers,Garment Lower body,1010016,Solid,19,Greenish Khaki,4,Dark,20,Khaki green,1747,Trousers,D,Divided,2,Divided,53,Divided Collection,1009,Trousers,"High-waisted jeans in washed superstretch denim with a zip fly and button, fake front pockets, real back pockets and super-skinny legs."
540768002,540768,Tech Stretch Skinny,272,Trousers,Garment Lower body,1010023,Denim,9,Black,4,Dark,5,Black,5672,Denim trousers,F,Menswear,3,Menswear,56,Denim Men,1016,Trousers Denim,"5-pocket denim jeans with ultra-flexible stretch that keeps them in shape while providing full movement and optimum comfort. Regular waist, zip fly and button, and skinny legs."
547780001,547780,Basic sweatpants,272,Trousers,Garment Lower body,1010016,Solid,9,Black,4,Dark,5,Black,1643,Basic 1,D,Divided,2,Divided,51,Divided Basics,1002,Jersey Basic,"Trousers in soft sweatshirt fabric with an elasticated drawstring waist, side pockets and ribbed hems. Soft brushed inside."
547780002,547780,Basic sweatpants,272,Trousers,Garment Lower body,1010010,Melange,9,Black,4,Dark,12,Grey,1643,Basic 1,D,Divided,2,Divided,51,Divided Basics,1002,Jersey Basic,"Trousers in soft sweatshirt fabric with an elasticated drawstring waist, side pockets and ribbed hems. Soft brushed inside."
547780003,547780,Basic sweatpants,272,Trousers,Garment Lower body,1010010,Melange,7,Grey,1,Dusty Light,12,Grey,1643,Basic 1,D,Divided,2,Divided,51,Divided Basics,1002,Jersey Basic,"Trousers in soft sweatshirt fabric with an elasticated drawstring waist, side pockets and ribbed hems. Soft brushed inside."
547780004,547780,Basic sweatpants 1,272,Trousers,Garment Lower body,1010010,Melange,73,Dark Blue,4,Dark,2,Blue,1643,Basic 1,D,Divided,2,Divided,51,Divided Basics,1002,Jersey Basic,"Trousers in soft sweatshirt fabric with an elasticated drawstring waist, side pockets and ribbed hems. Soft brushed inside."
547780015,547780,Basic sweatpants 1,272,Trousers,Garment Lower body,1010016,Solid,19,Greenish Khaki,4,Dark,20,Khaki green,1643,Basic 1,D,Divided,2,Divided,51,Divided Basics,1002,Jersey Basic,"Trousers in soft sweatshirt fabric with an elasticated drawstring waist, side pockets and ribbed hems. Soft brushed inside."
547780020,547780,Basic sweatpants 1,272,Trousers,Garment Lower body,1010020,Contrast,9,Black,4,Dark,5,Black,1643,Basic 1,D,Divided,2,Divided,51,Divided Basics,1002,Jersey Basic,"Trousers in soft sweatshirt fabric with an elasticated drawstring waist, side pockets and ribbed hems. Soft brushed inside."
552370002,552370,SKINNY PRICE,272,Trousers,Garment Lower body,1010016,Solid,9,Black,4,Dark,5,Black,8917,Young Girl Denim,I,Children Sizes 134-170,4,Baby/Children,77,Young Girl,1016,Trousers Denim,"Slim-fit jeans in washed stretch denim with an adjustable elasticated waist (in sizes 8-12Y), zip fly, fake front pockets, real back pockets and narrow hems."
554450001,554450,Julia RW Skinny Denim TRS,272,Trousers,Garment Lower body,1010016,Solid,9,Black,4,Dark,5,Black,1747,Trousers,D,Divided,2,Divided,53,Divided Collection,1009,Trousers,5-pocket jeans in superstretch washed denim with a regular waist and super-skinny legs.
554450004,554450,Julia RW Skinny Denim TRS,272,Trousers,Garment Lower body,1010016,Solid,71,Light Blue,3,Light,2,Blue,1747,Trousers,D,Divided,2,Divided,53,Divided Collection,1009,Trousers,5-pocket jeans in superstretch washed denim with a regular waist and super-skinny legs.
554450005,554450,Julia RW Denim TRS,272,Trousers,Garment Lower body,1010016,Solid,73,Dark Blue,2,Medium Dusty,2,Blue,1747,Trousers,D,Divided,2,Divided,53,Divided Collection,1009,Trousers,5-pocket jeans in superstretch washed denim with a regular waist and super-skinny legs.
554450027,554450,Julia RW Skinny Denim TRS,272,Trousers,Garment Lower body,1010016,Solid,8,Dark Grey,4,Dark,12,Grey,1747,Trousers,D,Divided,2,Divided,53,Divided Collection,1009,Trousers,5-pocket jeans in superstretch washed denim with a regular waist and super-skinny legs.
554477005,554477,Victoria RW Pull- On TRS,272,Trousers,Garment Lower body,1010016,Solid,9,Black,4,Dark,5,Black,1747,Trousers,D,Divided,2,Divided,53,Divided Collection,1009,Trousers,"Ankle-length trousers in an airy viscose weave with a regular, elasticated waist, side pockets and slightly wider, tapered legs."
562245001,562245,Luna skinny RW,272,Trousers,Garment Lower body,1010016,Solid,9,Black,4,Dark,5,Black,1722,Trouser,A,Ladieswear,1,Ladieswear,15,Womens Everyday Collection,1009,Trousers,"5-pocket jeans in washed, superstretch denim with a regular waist, zip fly and button, and skinny legs."
562245006,562245,Luna skinny 5 pkt,272,Trousers,Garment Lower body,1010023,Denim,7,Grey,2,Medium Dusty,12,Grey,1722,Trouser,A,Ladieswear,1,Ladieswear,15,Womens Everyday Collection,1009,Trousers,"5-pocket jeans in washed, superstretch denim with a regular waist, zip fly and button, and skinny legs."
562245018,562245,Luna skinny RW,272,Trousers,Garment Lower body,1010023,Denim,72,Blue,1,Dusty Light,2,Blue,1722,Trouser,A,Ladieswear,1,Ladieswear,15,Womens Everyday Collection,1009,Trousers,"5-pocket jeans in washed, superstretch denim with a regular waist, zip fly and button, and skinny legs."
562245042,562245,Luna skinny RW,272,Trousers,Garment Lower body,1010023,Denim,8,Dark Grey,4,Dark,12,Grey,1722,Trouser,A,Ladieswear,1,Ladieswear,15,Womens Everyday Collection,1009,Trousers,"5-pocket jeans in washed, superstretch denim with a regular waist, zip fly and button, and skinny legs."
562245046,562245,Luna skinny RW,272,Trousers,Garment Lower body,1010016,Solid,9,Black,4,Dark,5,Black,1722,Trouser,A,Ladieswear,1,Ladieswear,15,Womens Everyday Collection,1009,Trousers,"5-pocket jeans in washed, superstretch denim with a regular waist, zip fly and button, and skinny legs."
562245054,562245,Luna skinny RW,272,Trousers,Garment Lower body,1010016,Solid,19,Greenish Khaki,4,Dark,20,Khaki green,1722,Trouser,A,Ladieswear,1,Ladieswear,15,Womens Everyday Collection,1009,Trousers,"5-pocket jeans in washed, superstretch denim with a regular waist, zip fly and button, and skinny legs."
562245058,562245,Luna skinny RW,272,Trousers,Garment Lower body,1010016,Solid,9,Black,4,Dark,5,Black,1722,Trouser,A,Ladieswear,1,Ladieswear,15,Womens Everyday Collection,1009,Trousers,"5-pocket jeans in washed, superstretch denim with a regular waist, zip fly and button, and skinny legs."
562245059,562245,Luna skinny RW,272,Trousers,Garment Lower body,1010023,Denim,72,Blue,2,Medium Dusty,2,Blue,1722,Trouser,A,Ladieswear,1,Ladieswear,15,Womens Everyday Collection,1009,Trousers,"5-pocket jeans in washed, superstretch denim with a regular waist, zip fly and button, and skinny legs."
562245062,562245,Luna skinny RW,272,Trousers,Garment Lower body,1010023,Denim,8,Dark Grey,4,Dark,12,Grey,1722,Trouser,A,Ladieswear,1,Ladieswear,15,Womens Everyday Collection,1009,Trousers,"5-pocket jeans in washed, superstretch denim with a regular waist, zip fly and button, and skinny legs."
562245063,562245,Luna skinny RW,272,Trousers,Garment Lower body,1010023,Denim,7,Grey,2,Medium Dusty,12,Grey,1722,Trouser,A,Ladieswear,1,Ladieswear,15,Womens Everyday Collection,1009,Trousers,"5-pocket jeans in washed, superstretch denim with a regular waist, zip fly and button, and skinny legs."
562245064,562245,Luna skinny RW,272,Trousers,Garment Lower body,1010023,Denim,71,Light Blue,1,Dusty Light,2,Blue,1722,Trouser,A,Ladieswear,1,Ladieswear,15,Womens Everyday Collection,1009,Trousers,"5-pocket jeans in washed, superstretch denim with a regular waist, zip fly and button, and skinny legs."
562252001,562252,Space 5 pkt tregging,272,Trousers,Garment Lower body,1010016,Solid,9,Black,4,Dark,5,Black,1722,Trouser,A,Ladieswear,1,Ladieswear,15,Womens Everyday Collection,1009,Trousers,"Skinny-fit treggings in superstretch twill with an elasticated waist, fake front pockets and real back pockets."
562252014,562252,Space jegging,272,Trousers,Garment Lower body,1010023,Denim,8,Dark Grey,4,Dark,12,Grey,1722,Trouser,A,Ladieswear,1,Ladieswear,15,Womens Everyday Collection,1009,Trousers,"Skinny-fit treggings in superstretch twill with an elasticated waist, fake front pockets and real back pockets."
562252028,562252,Space 5 pkt tregging,272,Trousers,Garment Lower body,1010016,Solid,9,Black,4,Dark,5,Black,1722,Trouser,A,Ladieswear,1,Ladieswear,15,Womens Everyday Collection,1009,Trousers,"Skinny-fit treggings in superstretch twill with an elasticated waist, fake front pockets and real back pockets."
562252031,562252,Space 5 pkt tregging,272,Trousers,Garment Lower body,1010023,Denim,8,Dark Grey,4,Dark,12,Grey,1722,Trouser,A,Ladieswear,1,Ladieswear,15,Womens Everyday Collection,1009,Trousers,"Skinny-fit treggings in superstretch twill with an elasticated waist, fake front pockets and real back pockets."
562252032,562252,Space 5 pkt tregging,272,Trousers,Garment Lower body,1010023,Denim,73,Dark Blue,2,Medium Dusty,2,Blue,1722,Trouser,A,Ladieswear,1,Ladieswear,15,Womens Everyday Collection,1009,Trousers,"Skinny-fit treggings in superstretch twill with an elasticated waist, fake front pockets and real back pockets."
562252035,562252,Space 5 pkt tregging,272,Trousers,Garment Lower body,1010023,Denim,72,Blue,3,Light,2,Blue,1722,Trouser,A,Ladieswear,1,Ladieswear,15,Womens Everyday Collection,1009,Trousers,"Skinny-fit treggings in superstretch twill with an elasticated waist, fake front pockets and real back pockets."
568597006,568597,Hayes slim trouser,272,Trousers,Garment Lower body,1010016,Solid,9,Black,4,Dark,5,Black,1717,Trouser,A,Ladieswear,1,Ladieswear,11,Womens Tailoring,1009,Trousers,"Suit trousers in a stretch weave with a regular waist, zip fly and concealed hook-and-eye fastening. Side pockets and tapered legs with creases."
568597007,568597,Hayes slim trouser,272,Trousers,Garment Lower body,1010016,Solid,73,Dark Blue,4,Dark,2,Blue,1717,Trouser,A,Ladieswear,1,Ladieswear,11,Womens Tailoring,1009,Trousers,"Suit trousers in a stretch weave with a regular waist, zip fly and concealed hook-and-eye fastening. Side pockets and tapered legs with creases."
568597009,568597,Hayes,272,Trousers,Garment Lower body,1010016,Solid,6,Light Grey,1,Dusty Light,12,Grey,1717,Trouser,A,Ladieswear,1,Ladieswear,11,Womens Tailoring,1009,Trousers,"Suit trousers in a stretch weave with a regular waist, zip fly and concealed hook-and-eye fastening. Side pockets and tapered legs with creases."
568808001,568808,Vermont Summer Slacks,272,Trousers,Garment Lower body,1010016,Solid,9,Black,4,Dark,5,Black,1717,Trouser,A,Ladieswear,1,Ladieswear,11,Womens Tailoring,1009,Trousers,"Ankle-length, tailored trousers in woven fabric with a hook-and-eye fastening, zip fly and straight-cut legs that taper to the hem with creases. Slits at the hems."
569978016,569978,TUCK CLASSIC JOGGER,272,Trousers,Garment Lower body,1010010,Melange,9,Black,4,Dark,12,Grey,5833,Heavy Basic Jersey,F,Menswear,3,Menswear,26,Men Underwear,1002,Jersey Basic,"Trousers in cotton-blend slub jersey with an elasticated drawstring waist, slightly lower crotch, gently tapered legs, side pockets and ribbed hems. Regular fit."
573085004,573085,Madison skinny HW (1),272,Trousers,Garment Lower body,1010023,Denim,72,Blue,2,Medium Dusty,2,Blue,1722,Trouser,A,Ladieswear,1,Ladieswear,15,Womens Everyday Collection,1009,Trousers,"5-pocket jeans in washed stretch denim with a high waist, zip fly and slim legs."
573085019,573085,Madison skinny HW (1),272,Trousers,Garment Lower body,1010023,Denim,73,Dark Blue,2,Medium Dusty,2,Blue,1722,Trouser,A,Ladieswear,1,Ladieswear,15,Womens Everyday Collection,1009,Trousers,"5-pocket jeans in washed stretch denim with a high waist, zip fly and slim legs."
573085028,573085,Madison skinny HW,272,Trousers,Garment Lower body,1010016,Solid,9,Black,4,Dark,5,Black,1722,Trouser,A,Ladieswear,1,Ladieswear,15,Womens Everyday Collection,1009,Trousers,"5-pocket jeans in washed stretch denim with a high waist, zip fly and slim legs."
573716002,573716,Kanta slacks,272,Trousers,Garment Lower body,1010016,Solid,73,Dark Blue,4,Dark,2,Blue,1722,Trouser,A,Ladieswear,1,Ladieswear,15,Womens Everyday Collection,1009,Trousers,"Ankle-length cigarette trousers in a stretch weave with a regular waist, concealed zip in one side, fake back pockets and tapered legs with slits at the hems."
573716012,573716,Kanta slacks RW,272,Trousers,Garment Lower body,1010016,Solid,9,Black,4,Dark,5,Black,1722,Trouser,A,Ladieswear,1,Ladieswear,15,Womens Everyday Collection,1009,Trousers,"Ankle-length cigarette trousers in a stretch weave with a regular waist, concealed zip in one side, fake back pockets and tapered legs with slits at the hems."
583534002,583534,Bradley,272,Trousers,Garment Lower body,1010016,Solid,9,Black,4,Dark,5,Black,1676,Jersey Basic,A,Ladieswear,1,Ladieswear,16,Womens Everyday Basics,1002,Jersey Basic,"Joggers in lightweight sweatshirt fabric with wide elastication and a drawstring at the waist, and ribbed hems."
583534009,583534,Bradley,272,Trousers,Garment Lower body,1010010,Melange,8,Dark Grey,4,Dark,12,Grey,1676,Jersey Basic,A,Ladieswear,1,Ladieswear,16,Womens Everyday Basics,1002,Jersey Basic,"Joggers in lightweight sweatshirt fabric with wide elastication and a drawstring at the waist, and ribbed hems."
588689013,588689,Solange 5 pkt,272,Trousers,Garment Lower body,1010018,Treatment,19,Greenish Khaki,4,Dark,20,Khaki green,1710,Trouser,A,Ladieswear,1,Ladieswear,6,Womens Casual,1009,Trousers,"5-pocket trousers in washed, superstretch twill with a regular waist, zip fly and button and skinny legs."
589222005,589222,Skinny H.W Air,272,Trousers,Garment Lower body,1010023,Denim,72,Blue,2,Medium Dusty,2,Blue,1772,Denim Trousers,D,Divided,2,Divided,57,Ladies Denim,1016,Trousers Denim,"High-waisted jeans in stretch denim with a zip fly and button, fake front pockets, real back pockets and skinny legs."
598859001,598859,Sky wide trousers,272,Trousers,Garment Lower body,1010016,Solid,9,Black,4,Dark,5,Black,1717,Trouser,A,Ladieswear,1,Ladieswear,11,Womens Tailoring,1009,Trousers,"Trousers in woven fabric with a high waist, concealed hook-and-eye fastener, zip fly and straight, wide legs with creases."
599502001,599502,Kia Paperbag (1),272,Trousers,Garment Lower body,1010016,Solid,9,Black,4,Dark,5,Black,1717,Trouser,A,Ladieswear,1,Ladieswear,11,Womens Tailoring,1009,Trousers,"Ankle-length trousers in woven fabric with a high, paper bag waist with pleats and a detachable tie belt. Zip fly with a concealed hook-and-eye fastener, side pockets, fake back pockets and wide legs that taper to the hem."
621381001,621381,Jade Trash HW Skinny Denim TRS,272,Trousers,Garment Lower body,1010016,Solid,71,Light Blue,3,Light,2,Blue,1747,Trousers,D,Divided,2,Divided,53,Divided Collection,1009,Trousers,"High-waisted jeans in washed superstretch denim with hard-worn details, a zip fly and button, back pockets and skinny legs."
621381009,621381,Jade Trash HW Skinny Denim TRS,272,Trousers,Garment Lower body,1010016,Solid,71,Light Blue,1,Dusty Light,2,Blue,1747,Trousers,D,Divided,2,Divided,53,Divided Collection,1009,Trousers,"High-waisted jeans in washed superstretch denim with hard-worn details, a zip fly and button, back pockets and skinny legs."
636323002,636323,Skinny H.W Ankle Queens,272,Trousers,Garment Lower body,1010023,Denim,10,White,3,Light,9,White,1772,Denim Trousers,D,Divided,2,Divided,57,Ladies Denim,1016,Trousers Denim,"Ankle-length jeans in washed, stretch denim with a high waist, zip fly and button, back pockets and skinny legs."
640021005,640021,Perrie Trash HW Denim TRS,272,Trousers,Garment Lower body,1010016,Solid,72,Blue,2,Medium Dusty,2,Blue,1747,Trousers,D,Divided,2,Divided,53,Divided Collection,1009,Trousers,"5-pocket, ankle-length jeans in washed denim with hard-worn details. Extra-high waist, a button fly and gently tapered legs with raw-edge hems."
642437006,642437,Fancy Pants (1),272,Trousers,Garment Lower body,1010017,Stripe,9,Black,4,Dark,5,Black,1649,Trousers DS,D,Divided,2,Divided,58,Divided Selected,1009,Trousers,"Ankle-length jersey trousers with an elasticated waist, side pockets and gently tapered legs with sewn-in turn-ups at the hems."
649671002,649671,DeLuca pull-on jogger RW,272,Trousers,Garment Lower body,1010017,Stripe,73,Dark Blue,4,Dark,2,Blue,1710,Trouser,A,Ladieswear,1,Ladieswear,6,Womens Casual,1009,Trousers,"Joggers in soft twill with a regular, elasticated drawstring waist, side pockets, fake back pockets and tapered legs."
655784001,655784,Noa skinny trouser,272,Trousers,Garment Lower body,1010016,Solid,9,Black,4,Dark,5,Black,1717,Trouser,A,Ladieswear,1,Ladieswear,11,Womens Tailoring,1009,Trousers,"Trousers in stretch twill with a high, elasticated waist and a concealed zip in one side. Fake welt pockets at the back and slim legs with creases and short slits at the hems."
658030001,658030,Push Up Jegging L.W,272,Trousers,Garment Lower body,1010023,Denim,9,Black,4,Dark,19,Green,1772,Denim Trousers,D,Divided,2,Divided,57,Ladies Denim,1016,Trousers Denim,"5-pocket jeggings in washed, stretch denim with a low waist, zip fly and button, and skinny legs. Push up – denim with a superstretch function that showcases the body’s physique."
658030005,658030,Push Up Jegging L.W,272,Trousers,Garment Lower body,1010023,Denim,72,Blue,2,Medium Dusty,2,Blue,1772,Denim Trousers,D,Divided,2,Divided,57,Ladies Denim,1016,Trousers Denim,"5-pocket jeggings in washed, stretch denim with a low waist, zip fly and button, and skinny legs. Push up – denim with a superstretch function that showcases the body’s physique."
658030020,658030,Push Up Jegging L.W,272,Trousers,Garment Lower body,1010016,Solid,9,Black,4,Dark,5,Black,1772,Denim Trousers,D,Divided,2,Divided,57,Ladies Denim,1016,Trousers Denim,"5-pocket jeggings in washed, stretch denim with a low waist, zip fly and button, and skinny legs. Push up – denim with a superstretch function that showcases the body’s physique."
660308001,660308,Gemma Woven TRS,272,Trousers,Garment Lower body,1010016,Solid,9,Black,4,Dark,5,Black,1747,Trousers,D,Divided,2,Divided,53,Divided Collection,1009,Trousers,"Trousers in a crêpe weave with elastication at the back of the waist and pleats at the front. Zip fly and button, a low crotch and wide, gently tapered legs."
660308002,660308,Gemma Woven TRS,272,Trousers,Garment Lower body,1010017,Stripe,9,Black,4,Dark,5,Black,1747,Trousers,D,Divided,2,Divided,53,Divided Collection,1009,Trousers,"Trousers in a crêpe weave with elastication at the back of the waist and pleats at the front. Zip fly and button, a low crotch and wide, gently tapered legs."
660308008,660308,Gemma Woven TRS,272,Trousers,Garment Lower body,1010004,Check,10,White,3,Light,9,White,1747,Trousers,D,Divided,2,Divided,53,Divided Collection,1009,Trousers,"Trousers in a crêpe weave with elastication at the back of the waist and pleats at the front. Zip fly and button, a low crotch and wide, gently tapered legs."
660308009,660308,Gemma Woven TRS,272,Trousers,Garment Lower body,1010004,Check,14,Dark Beige,4,Dark,11,Beige,1747,Trousers,D,Divided,2,Divided,53,Divided Collection,1009,Trousers,"Trousers in a crêpe weave with elastication at the back of the waist and pleats at the front. Zip fly and button, a low crotch and wide, gently tapered legs."
660712014,660712,Kaj tapered,272,Trousers,Garment Lower body,1010010,Melange,8,Dark Grey,4,Dark,5,Black,1722,Trouser,A,Ladieswear,1,Ladieswear,15,Womens Everyday Collection,1009,Trousers,"Ankle-length trousers in woven fabric with a high, elasticated waist, detachable tie belt, zip fly with a concealed hook-and-eye fastening, side pockets and tapered legs with creases."
661306001,661306,Enter treggings,272,Trousers,Garment Lower body,1010016,Solid,9,Black,4,Dark,5,Black,1722,Trouser,A,Ladieswear,1,Ladieswear,15,Womens Everyday Collection,1009,Trousers,"Treggings in stretch twill with a high, elasticated waist and slim legs."
661306005,661306,Enter treggings,272,Trousers,Garment Lower body,1010018,Treatment,9,Black,4,Dark,5,Black,1722,Trouser,A,Ladieswear,1,Ladieswear,15,Womens Everyday Collection,1009,Trousers,"Treggings in stretch twill with a high, elasticated waist and slim legs."
661306007,661306,Enter treggings,272,Trousers,Garment Lower body,1010016,Solid,8,Dark Grey,4,Dark,5,Black,1722,Trouser,A,Ladieswear,1,Ladieswear,15,Womens Everyday Collection,1009,Trousers,"Treggings in stretch twill with a high, elasticated waist and slim legs."
661306008,661306,Enter treggings,272,Trousers,Garment Lower body,1010001,All over pattern,17,Yellowish Brown,2,Medium Dusty,13,Brown,1722,Trouser,A,Ladieswear,1,Ladieswear,15,Womens Everyday Collection,1009,Trousers,"Treggings in stretch twill with a high, elasticated waist and slim legs."
664319001,664319,Tiblisi paperwaist tapered,272,Trousers,Garment Lower body,1010016,Solid,9,Black,4,Dark,5,Black,1722,Trouser,A,Ladieswear,1,Ladieswear,15,Womens Everyday Collection,1009,Trousers,"Trousers in woven fabric with a high paper bag waist, side pockets, detachable tie belt and tapered legs."
664647001,664647,Bruce Skinny Denim Trs,272,Trousers,Garment Lower body,1010023,Denim,9,Black,4,Dark,5,Black,5686,Trouser,F,Menswear,3,Menswear,20,Contemporary Smart,1009,Trousers,"5-pocket jeans in washed stretch denim with a regular waist, zip fly and skinny legs."
672127002,672127,Valerie Wide Leg trousers,272,Trousers,Garment Lower body,1010016,Solid,9,Black,4,Dark,5,Black,1643,Basic 1,D,Divided,2,Divided,51,Divided Basics,1002,Jersey Basic,"Trousers in viscose jersey with an elasticated waist, side pockets and straight, wide legs."
673799001,673799,Bow paperwaist,272,Trousers,Garment Lower body,1010016,Solid,9,Black,4,Dark,5,Black,1722,Trouser,A,Ladieswear,1,Ladieswear,15,Womens Everyday Collection,1009,Trousers,"Ankle-length trousers in woven fabric with a high, elasticated waist, detachable tie belt, zip fly with a concealed hook-and-eye fastening, side pockets and tapered legs with creases."
676387001,676387,Bobo,272,Trousers,Garment Lower body,1010016,Solid,9,Black,4,Dark,5,Black,1676,Jersey Basic,A,Ladieswear,1,Ladieswear,16,Womens Everyday Basics,1002,Jersey Basic,Joggers in sturdy sweatshirt fabric with an elasticated drawstring waist and side pockets. Tapered legs with vertical seams and ribbed hems. Soft brushed inside.
705330001,705330,Borat Sweatpants,272,Trousers,Garment Lower body,1010016,Solid,9,Black,4,Dark,5,Black,1643,Basic 1,D,Divided,2,Divided,51,Divided Basics,1002,Jersey Basic,"Trousers in sweatshirt fabric with an elasticated waist, side pockets and ribbed hems."
705330002,705330,Borat Sweatpants,272,Trousers,Garment Lower body,1010006,Dot,9,Black,4,Dark,5,Black,1643,Basic 1,D,Divided,2,Divided,51,Divided Basics,1002,Jersey Basic,"Trousers in sweatshirt fabric with an elasticated waist, side pockets and ribbed hems."
705330003,705330,Borat Sweatpants,272,Trousers,Garment Lower body,1010010,Melange,7,Grey,1,Dusty Light,12,Grey,1643,Basic 1,D,Divided,2,Divided,51,Divided Basics,1002,Jersey Basic,"Trousers in sweatshirt fabric with an elasticated waist, side pockets and ribbed hems."
706016006,706016,Jade HW Skinny Denim TRS,272,Trousers,Garment Lower body,1010016,Solid,73,Dark Blue,4,Dark,2,Blue,1747,Trousers,D,Divided,2,Divided,53,Divided Collection,1009,Trousers,"High-waisted jeans in washed superstretch denim with a zip fly and button, fake front pockets, real back pockets and super-skinny legs."
712587003,712587,Bow HW paperwaist,272,Trousers,Garment Lower body,1010016,Solid,9,Black,4,Dark,5,Black,1722,Trouser,A,Ladieswear,1,Ladieswear,15,Womens Everyday Collection,1009,Trousers,"Trousers woven in a viscose blend with a high paper bag waist with pleats and a detachable tie belt. Zip fly with concealed hook-and-eye fasteners, side pockets and tapered legs."
719530004,719530,Maja HW  WovenTRS,272,Trousers,Garment Lower body,1010016,Solid,19,Greenish Khaki,4,Dark,20,Khaki green,1747,Trousers,D,Divided,2,Divided,53,Divided Collection,1009,Trousers,"Cargo trousers in stretch twill with a high waist, zip fly and button, fake front pockets, real back pockets and flap leg pockets with concealed press-studs."
